{
  "generado_utc": "2026-07-15T04:51:11+00:00",
  "seed": 96,
  "umbral_eca_pm25": 50.0,
  "umbral_decision": 0.5,
  "test_size": 0.3,
  "solo_real": true,
  "features": [
    "pm_10",
    "so2",
    "no2",
    "o3",
    "co"
  ],
  "objetivo": "pm_25",
  "n_train": 226416,
  "n_test": 93793,
  "balance_positivos_pct": 7.935,
  "mejor_modelo": "rf_classweight",
  "modelos": {
    "rf_classweight": {
      "nombre": "rf_classweight",
      "umbral": 0.5,
      "accuracy": 0.8278229718635719,
      "roc_auc": 0.8976319585835271,
      "matriz_confusion": {
        "tn": 71810,
        "fp": 14488,
        "fn": 1661,
        "tp": 5834
      },
      "clase_0_baja": {
        "precision": 0.9773924405547767,
        "recall": 0.832116619156875,
        "f1": 0.8989228198211168
      },
      "clase_1_alta": {
        "precision": 0.28707804349965554,
        "recall": 0.7783855903935958,
        "f1": 0.419455728511342
      }
    },
    "xgb_scaleposw": {
      "nombre": "xgb_scaleposw",
      "umbral": 0.5,
      "accuracy": 0.8077041996737496,
      "roc_auc": 0.8962403412127431,
      "matriz_confusion": {
        "tn": 69700,
        "fp": 16598,
        "fn": 1438,
        "tp": 6057
      },
      "clase_0_baja": {
        "precision": 0.9797857685062835,
        "recall": 0.8076664580870936,
        "f1": 0.8854391625803502
      },
      "clase_1_alta": {
        "precision": 0.2673581990730523,
        "recall": 0.8081387591727819,
        "f1": 0.4017910447761194
      }
    },
    "rf_smote": {
      "nombre": "rf_smote",
      "umbral": 0.5,
      "accuracy": 0.83483842077767,
      "roc_auc": 0.89539945214583,
      "matriz_confusion": {
        "tn": 72581,
        "fp": 13717,
        "fn": 1774,
        "tp": 5721
      },
      "clase_0_baja": {
        "precision": 0.976141483424114,
        "recall": 0.8410507775382975,
        "f1": 0.9035747854070575
      },
      "clase_1_alta": {
        "precision": 0.2943204033336763,
        "recall": 0.7633088725817212,
        "f1": 0.42483199049493187
      }
    }
  }
}