{
  "generado_utc": "2026-07-24T14:13:03+00:00",
  "seed": 96,
  "umbral_eca_pm25": 50.0,
  "umbral_decision": 0.5,
  "test_size": 0.3,
  "solo_real": true,
  "features": [
    "pm_10",
    "so2",
    "no2",
    "o3",
    "co",
    "hora",
    "mes",
    "pm_10_roll3h",
    "so2_roll3h",
    "no2_roll3h",
    "o3_roll3h",
    "co_roll3h",
    "estacion"
  ],
  "objetivo": "pm_25",
  "n_train": 226408,
  "n_test": 93793,
  "balance_positivos_pct": 7.935,
  "mejor_modelo": "xgb_scaleposw",
  "modelos": {
    "rf_classweight": {
      "nombre": "rf_classweight",
      "umbral": 0.5,
      "accuracy": 0.8748414060750802,
      "roc_auc": 0.9378872201853079,
      "matriz_confusion": {
        "tn": 75760,
        "fp": 10538,
        "fn": 1201,
        "tp": 6294
      },
      "clase_0_baja": {
        "precision": 0.9843946934161458,
        "recall": 0.8778882476998309,
        "f1": 0.9280958477021175
      },
      "clase_1_alta": {
        "precision": 0.373930608365019,
        "recall": 0.8397598398932622,
        "f1": 0.5174497471944752
      }
    },
    "xgb_scaleposw": {
      "nombre": "xgb_scaleposw",
      "umbral": 0.5,
      "accuracy": 0.8800550147665605,
      "roc_auc": 0.9426124117662874,
      "matriz_confusion": {
        "tn": 76171,
        "fp": 10127,
        "fn": 1123,
        "tp": 6372
      },
      "clase_0_baja": {
        "precision": 0.9854710585556447,
        "recall": 0.8826508146191105,
        "f1": 0.9312313560565308
      },
      "clase_1_alta": {
        "precision": 0.3862052245590642,
        "recall": 0.8501667778519013,
        "f1": 0.5311327831957989
      }
    },
    "rf_smote": {
      "nombre": "rf_smote",
      "umbral": 0.5,
      "accuracy": 0.9262738157431791,
      "roc_auc": 0.9401326153904144,
      "matriz_confusion": {
        "tn": 81586,
        "fp": 4712,
        "fn": 2203,
        "tp": 5292
      },
      "clase_0_baja": {
        "precision": 0.9737077659358627,
        "recall": 0.9453985028621753,
        "f1": 0.9593443355459265
      },
      "clase_1_alta": {
        "precision": 0.5289884046381448,
        "recall": 0.7060707138092062,
        "f1": 0.60483456197497
      }
    }
  }
}