{
  "generado_utc": "2026-07-24T13:56:44+00:00",
  "seed": 96,
  "umbral_eca_pm25": 50.0,
  "umbral_decision": 0.5,
  "test_size": 0.3,
  "solo_real": true,
  "features": [
    "pm_10",
    "so2",
    "no2",
    "o3",
    "co",
    "hora",
    "mes",
    "estacion"
  ],
  "objetivo": "pm_25",
  "n_train": 226416,
  "n_test": 93793,
  "balance_positivos_pct": 7.935,
  "mejor_modelo": "xgb_scaleposw",
  "modelos": {
    "rf_classweight": {
      "nombre": "rf_classweight",
      "umbral": 0.5,
      "accuracy": 0.8692333116543879,
      "roc_auc": 0.9382441871720826,
      "matriz_confusion": {
        "tn": 75140,
        "fp": 11158,
        "fn": 1107,
        "tp": 6388
      },
      "clase_0_baja": {
        "precision": 0.9854813959893504,
        "recall": 0.870703840181696,
        "f1": 0.9245439724384017
      },
      "clase_1_alta": {
        "precision": 0.36407158326684147,
        "recall": 0.8523015343562375,
        "f1": 0.510203266642706
      }
    },
    "xgb_scaleposw": {
      "nombre": "xgb_scaleposw",
      "umbral": 0.5,
      "accuracy": 0.8715362553708699,
      "roc_auc": 0.9412646106388631,
      "matriz_confusion": {
        "tn": 75341,
        "fp": 10957,
        "fn": 1092,
        "tp": 6403
      },
      "clase_0_baja": {
        "precision": 0.9857129773788809,
        "recall": 0.8730329787480591,
        "f1": 0.9259575618659014
      },
      "clase_1_alta": {
        "precision": 0.3688364055299539,
        "recall": 0.8543028685790527,
        "f1": 0.5152283242808288
      }
    },
    "rf_smote": {
      "nombre": "rf_smote",
      "umbral": 0.5,
      "accuracy": 0.9272760227309075,
      "roc_auc": 0.9376786321088455,
      "matriz_confusion": {
        "tn": 81868,
        "fp": 4430,
        "fn": 2391,
        "tp": 5104
      },
      "clase_0_baja": {
        "precision": 0.9716232093900948,
        "recall": 0.9486662495075204,
        "f1": 0.9600075048224347
      },
      "clase_1_alta": {
        "precision": 0.5353471785189847,
        "recall": 0.6809873248832555,
        "f1": 0.5994480004697869
      }
    }
  }
}