{
  "generado_utc": "2026-07-15T01:54:06+00:00",
  "seed": 96,
  "umbral_eca_pm25": 50.0,
  "umbral_decision": 0.5,
  "test_size": 0.3,
  "solo_real": true,
  "features": [
    "pm_10",
    "so2",
    "no2",
    "o3",
    "co"
  ],
  "objetivo": "pm_25",
  "n_train": 224146,
  "n_test": 96063,
  "balance_positivos_pct": 7.935,
  "mejor_modelo": "rf_classweight",
  "modelos": {
    "rf_classweight": {
      "nombre": "rf_classweight",
      "umbral": 0.5,
      "accuracy": 0.9240082029501473,
      "roc_auc": 0.9066624255026253,
      "matriz_confusion": {
        "tn": 85068,
        "fp": 3372,
        "fn": 3928,
        "tp": 3695
      },
      "clase_0_baja": {
        "precision": 0.955863184862241,
        "recall": 0.9618724559023066,
        "f1": 0.9588584052841588
      },
      "clase_1_alta": {
        "precision": 0.5228526956275648,
        "recall": 0.48471730289912107,
        "f1": 0.5030633083730429
      }
    },
    "xgb_scaleposw": {
      "nombre": "xgb_scaleposw",
      "umbral": 0.5,
      "accuracy": 0.8114570646346668,
      "roc_auc": 0.8997924895575073,
      "matriz_confusion": {
        "tn": 71768,
        "fp": 16672,
        "fn": 1440,
        "tp": 6183
      },
      "clase_0_baja": {
        "precision": 0.9803300185772047,
        "recall": 0.811488014473089,
        "f1": 0.8879540730476096
      },
      "clase_1_alta": {
        "precision": 0.27053161233865675,
        "recall": 0.8110979929161747,
        "f1": 0.40573528446748475
      }
    },
    "rf_smote": {
      "nombre": "rf_smote",
      "umbral": 0.5,
      "accuracy": 0.8829518128728022,
      "roc_auc": 0.8979998742765488,
      "matriz_confusion": {
        "tn": 79759,
        "fp": 8681,
        "fn": 2563,
        "tp": 5060
      },
      "clase_0_baja": {
        "precision": 0.9688661597142927,
        "recall": 0.9018430574400723,
        "f1": 0.9341539686815568
      },
      "clase_1_alta": {
        "precision": 0.36824103049268614,
        "recall": 0.6637806637806638,
        "f1": 0.47369406478187603
      }
    }
  }
}